pdb,Temp,Time(ns),QValue,QValue(%)
2lyz,400,6,56703,56
GLY72_2lyz,400,6,62728,61.4703173078807622
LEU82_GLY72_2lyz,400,6.0,62205, 61.04154809334092
2lyz,310,0.002,92584, 88.23321992547484

GLY72_2lyz,310,0.002,92258, 88.29953198127924

