pdb,Temp,Time(ns),QValue,QValue(%)
2lyz,400,6,56703,56
GLY72_2lyz,400,6,62728,61.4703173078807622lyz,400,0.0002,100907, 96.16693192539718

2lyz,400,0.0002,101037, 96.2889899076536

